0.fgui5upabv,2025-02-09 19:07,null
0.skp68aepmkb,2025-02-09 19:08,null
0.9hggy4eb3hh,2025-02-09 19:08,null
0.k75j85i6tii,2025-02-09 19:09,null
0.6ynbjp7bo5,2025-02-09 19:09,null
0.feddpghpil,2025-02-09 19:11,null
0.axr88w7qya9,2025-02-09 19:11,null
0.xgund2c1w8b,2025-02-09 19:11,null
0.9ba5i9a62i,2025-02-09 19:11,null
0.1cdb1liv9z6,2025-02-09 19:11,null
0.d2vlfwjjadg,2025-02-09 19:11,null
0.a2sjnq4o3me,2025-02-09 19:11,null
0.h66jvz4lscc,2025-02-09 19:12,null
0.n8nxxqamva,2025-02-09 19:13,null
0.9fdobxoibyg,2025-03-10 13:17,null
0.qmu0lyaxfz,2025-03-10 13:17,null
0.z6pneaj76gr,2025-03-10 13:18,null
0.iimgt27a3rn,2025-03-10 13:18,null
0.jwmt51sxr5,2025-03-13 23:15,null
0.1excll9blgo,2025-03-13 23:16,null
0.5kex8lx22d8,2025-03-13 23:16,null
0.iosa1mf3dtc,2025-03-13 23:16,null
0.423zavlg2tm,2025-03-13 23:17,null
0.hkt76r3b87,2025-03-13 23:17,null
0.8lic473f8y3,2025-03-13 23:17,null
0.470ky3pnnvp,2025-03-13 23:17,null
0.gid2gzu7imb,2025-03-13 23:17,null
0.dyqpgrzmobd,2025-03-13 23:17,null
0.v2yh3hg8ig,2025-03-13 23:17,null
0.i1h5idqsymn,2025-03-13 23:17,null
0.ojegozo9rs,2025-03-13 23:17,null
0.yrjkv2kiv6,2025-03-13 23:19,null
0.k23ue3ls63e,2025-03-13 23:19,null
0.h17t1w2om4,2025-03-13 23:20,null
0.1bo3u81bz97,2025-03-13 23:20,null
0.p8ffiius4mr,2025-03-13 23:20,null
0.i88n5haqb9g,2025-03-13 23:20,null
0.t6w80qw64oj,2025-03-13 23:22,null
0.d4ljyu1e95b,2025-03-13 23:24,null
0.qzv3kdyomc,2025-03-13 23:24,null
0.o09reycsd4,2025-03-13 23:45,null
0.xv2pcjdbr5,2025-03-14 08:48,null
0.ma2qukg4ft,2025-03-14 08:49,null
0.e21omt1xnwm,2025-03-14 08:50,null
0.d8imwjrylds,2025-03-14 08:51,null
0.hb4vdn7zeks,2025-03-14 08:52,null
0.fegl5k08qou,2025-03-14 08:53,null
0.3i3g1ulo5h,2025-03-14 08:55,null
0.lw8nqt7urur,2025-03-14 08:55,null
0.zb3mlacxqi,2025-03-14 08:57,null
0.e0ftgem4njh,2025-03-14 08:58,null
0.rw894zdi0os,2025-03-14 09:22,null
0.q6zj31wf4te,2025-03-14 09:23,null
0.w7d5oj6cxd,2025-03-14 08:30,null
0.wj1j57p5lm,2025-03-14 08:30,null
0.fnrc4tdv4m6,1741941114599,null
0.wwqkr63nh0p,2025-03-14 09:35,null
0.8i0dsg3lg4b,14.3.2025, 10:43:50,null
0.6u1qy2oli25,14.3.2025, 10:45:34,null
Session: 0.wji5g0ftor, session start: 14.3.2025, 10:47:37
Session: 0.rnojl2ec06a, session start (date, time): 14.3.2025, 11:12:17, Session end: null
Session: 0.3u49oemy9et, session start (date, time): 14.3.2025, 11:12:55, Session end: null
Session: 0.4b1q6szplhr, session start (date, time): 14.3.2025, 11:12:56, Session end: null
Session: 0.nh43zhq56bs, session start (date, time): 14.3.2025, 11:49:31, Session end: null
Session: 0.1m9p5fpuls5, session start (date, time): 14.3.2025, 11:50:47, Session end: null
Session: 0.rjiv1zu4uvr, session start (date, time): 14.3.2025, 12:34:39, Session end: null
Session: 0.1o58p9g76so, session start (date, time): 14.3.2025, 12:34:58, Session end: null
